<?xml version="1.0" encoding="UTF-8"?>
<!DOCTYPE mapper PUBLIC "-//mybatis.org//DTD Mapper 3.0//EN" "http://mybatis.org/dtd/mybatis-3-mapper.dtd">
<mapper namespace="cn.itcast.ssm.mapper.DoctorrankMapper">
  <resultMap id="BaseResultMap" type="cn.itcast.ssm.po.Doctorrank">
    <id column="doctorrankId" jdbcType="INTEGER" property="doctorrankid" />
    <result column="doctorrankName" jdbcType="VARCHAR" property="doctorrankname" />
  </resultMap>
  <sql id="Example_Where_Clause">
    <where>
      <foreach collection="oredCriteria" item="criteria" separator="or">
        <if test="criteria.valid">
          <trim prefix="(" prefixOverrides="and" suffix=")">
            <foreach collection="criteria.criteria" item="criterion">
              <choose>
                <when test="criterion.noValue">
                  and ${criterion.condition}
                </when>
                <when test="criterion.singleValue">
                  and ${criterion.condition} #{criterion.value}
                </when>
                <when test="criterion.betweenValue">
                  and ${criterion.condition} #{criterion.value} and #{criterion.secondValue}
                </when>
                <when test="criterion.listValue">
                  and ${criterion.condition}
                  <foreach close=")" collection="criterion.value" item="listItem" open="(" separator=",">
                    #{listItem}
                  </foreach>
                </when>
              </choose>
            </foreach>
          </trim>
        </if>
      </foreach>
    </where>
  </sql>
  <sql id="Update_By_Example_Where_Clause">
    <where>
      <foreach collection="example.oredCriteria" item="criteria" separator="or">
        <if test="criteria.valid">
          <trim prefix="(" prefixOverrides="and" suffix=")">
            <foreach collection="criteria.criteria" item="criterion">
              <choose>
                <when test="criterion.noValue">
                  and ${criterion.condition}
                </when>
                <when test="criterion.singleValue">
                  and ${criterion.condition} #{criterion.value}
                </when>
                <when test="criterion.betweenValue">
                  and ${criterion.condition} #{criterion.value} and #{criterion.secondValue}
                </when>
                <when test="criterion.listValue">
                  and ${criterion.condition}
                  <foreach close=")" collection="criterion.value" item="listItem" open="(" separator=",">
                    #{listItem}
                  </foreach>
                </when>
              </choose>
            </foreach>
          </trim>
        </if>
      </foreach>
    </where>
  </sql>
  <sql id="Base_Column_List">
    doctorrankId, doctorrankName
  </sql>
  <select id="selectByExample" parameterType="cn.itcast.ssm.po.DoctorrankExample" resultMap="BaseResultMap">
    select
    <if test="distinct">
      distinct
    </if>
    <include refid="Base_Column_List" />
    from doctorrank
    <if test="_parameter != null">
      <include refid="Example_Where_Clause" />
    </if>
    <if test="orderByClause != null">
      order by ${orderByClause}
    </if>
  </select>
  <select id="selectByPrimaryKey" parameterType="java.lang.Integer" resultMap="BaseResultMap">
    select 
    <include refid="Base_Column_List" />
    from doctorrank
    where doctorrankId = #{doctorrankid,jdbcType=INTEGER}
  </select>
  <delete id="deleteByPrimaryKey" parameterType="java.lang.Integer">
    delete from doctorrank
    where doctorrankId = #{doctorrankid,jdbcType=INTEGER}
  </delete>
  <delete id="deleteByExample" parameterType="cn.itcast.ssm.po.DoctorrankExample">
    delete from doctorrank
    <if test="_parameter != null">
      <include refid="Example_Where_Clause" />
    </if>
  </delete>
  <insert id="insert" parameterType="cn.itcast.ssm.po.Doctorrank">
    insert into doctorrank (doctorrankId, doctorrankName)
    values (#{doctorrankid,jdbcType=INTEGER}, #{doctorrankname,jdbcType=VARCHAR})
  </insert>
  <insert id="insertSelective" parameterType="cn.itcast.ssm.po.Doctorrank">
    insert into doctorrank
    <trim prefix="(" suffix=")" suffixOverrides=",">
      <if test="doctorrankid != null">
        doctorrankId,
      </if>
      <if test="doctorrankname != null">
        doctorrankName,
      </if>
    </trim>
    <trim prefix="values (" suffix=")" suffixOverrides=",">
      <if test="doctorrankid != null">
        #{doctorrankid,jdbcType=INTEGER},
      </if>
      <if test="doctorrankname != null">
        #{doctorrankname,jdbcType=VARCHAR},
      </if>
    </trim>
  </insert>
  <select id="countByExample" parameterType="cn.itcast.ssm.po.DoctorrankExample" resultType="java.lang.Long">
    select count(*) from doctorrank
    <if test="_parameter != null">
      <include refid="Example_Where_Clause" />
    </if>
  </select>
  <update id="updateByExampleSelective" parameterType="map">
    update doctorrank
    <set>
      <if test="record.doctorrankid != null">
        doctorrankId = #{record.doctorrankid,jdbcType=INTEGER},
      </if>
      <if test="record.doctorrankname != null">
        doctorrankName = #{record.doctorrankname,jdbcType=VARCHAR},
      </if>
    </set>
    <if test="_parameter != null">
      <include refid="Update_By_Example_Where_Clause" />
    </if>
  </update>
  <update id="updateByExample" parameterType="map">
    update doctorrank
    set doctorrankId = #{record.doctorrankid,jdbcType=INTEGER},
      doctorrankName = #{record.doctorrankname,jdbcType=VARCHAR}
    <if test="_parameter != null">
      <include refid="Update_By_Example_Where_Clause" />
    </if>
  </update>
  <update id="updateByPrimaryKeySelective" parameterType="cn.itcast.ssm.po.Doctorrank">
    update doctorrank
    <set>
      <if test="doctorrankname != null">
        doctorrankName = #{doctorrankname,jdbcType=VARCHAR},
      </if>
    </set>
    where doctorrankId = #{doctorrankid,jdbcType=INTEGER}
  </update>
  <update id="updateByPrimaryKey" parameterType="cn.itcast.ssm.po.Doctorrank">
    update doctorrank
    set doctorrankName = #{doctorrankname,jdbcType=VARCHAR}
    where doctorrankId = #{doctorrankid,jdbcType=INTEGER}
  </update>
</mapper>