<?xml version="1.0" encoding="UTF-8"?>
<!DOCTYPE mapper PUBLIC "-//mybatis.org//DTD Mapper 3.0//EN" "http://mybatis.org/dtd/mybatis-3-mapper.dtd">
<mapper namespace="cn.itcast.ssm.mapper.DoctorMapper">
  <resultMap id="BaseResultMap" type="cn.itcast.ssm.po.Doctor">
    <id column="doctorId" jdbcType="INTEGER" property="doctorid" />
    <result column="doctorname" jdbcType="VARCHAR" property="doctorname" />
    <result column="doctorrankId" jdbcType="INTEGER" property="doctorrankid" />
  </resultMap>
  <sql id="Example_Where_Clause">
    <where>
      <foreach collection="oredCriteria" item="criteria" separator="or">
        <if test="criteria.valid">
          <trim prefix="(" prefixOverrides="and" suffix=")">
            <foreach collection="criteria.criteria" item="criterion">
              <choose>
                <when test="criterion.noValue">
                  and ${criterion.condition}
                </when>
                <when test="criterion.singleValue">
                  and ${criterion.condition} #{criterion.value}
                </when>
                <when test="criterion.betweenValue">
                  and ${criterion.condition} #{criterion.value} and #{criterion.secondValue}
                </when>
                <when test="criterion.listValue">
                  and ${criterion.condition}
                  <foreach close=")" collection="criterion.value" item="listItem" open="(" separator=",">
                    #{listItem}
                  </foreach>
                </when>
              </choose>
            </foreach>
          </trim>
        </if>
      </foreach>
    </where>
  </sql>
  <sql id="Update_By_Example_Where_Clause">
    <where>
      <foreach collection="example.oredCriteria" item="criteria" separator="or">
        <if test="criteria.valid">
          <trim prefix="(" prefixOverrides="and" suffix=")">
            <foreach collection="criteria.criteria" item="criterion">
              <choose>
                <when test="criterion.noValue">
                  and ${criterion.condition}
                </when>
                <when test="criterion.singleValue">
                  and ${criterion.condition} #{criterion.value}
                </when>
                <when test="criterion.betweenValue">
                  and ${criterion.condition} #{criterion.value} and #{criterion.secondValue}
                </when>
                <when test="criterion.listValue">
                  and ${criterion.condition}
                  <foreach close=")" collection="criterion.value" item="listItem" open="(" separator=",">
                    #{listItem}
                  </foreach>
                </when>
              </choose>
            </foreach>
          </trim>
        </if>
      </foreach>
    </where>
  </sql>
  <sql id="Base_Column_List">
    doctorId, doctorname, doctorrankId
  </sql>
  <select id="selectByExample" parameterType="cn.itcast.ssm.po.DoctorExample" resultMap="BaseResultMap">
    select
    <if test="distinct">
      distinct
    </if>
    <include refid="Base_Column_List" />
    from doctor
    <if test="_parameter != null">
      <include refid="Example_Where_Clause" />
    </if>
    <if test="orderByClause != null">
      order by ${orderByClause}
    </if>
  </select>
  <select id="selectByPrimaryKey" parameterType="java.lang.Integer" resultMap="BaseResultMap">
    select 
    <include refid="Base_Column_List" />
    from doctor
    where doctorId = #{doctorid,jdbcType=INTEGER}
  </select>
  <delete id="deleteByPrimaryKey" parameterType="java.lang.Integer">
    delete from doctor
    where doctorId = #{doctorid,jdbcType=INTEGER}
  </delete>
  <delete id="deleteByExample" parameterType="cn.itcast.ssm.po.DoctorExample">
    delete from doctor
    <if test="_parameter != null">
      <include refid="Example_Where_Clause" />
    </if>
  </delete>
  <insert id="insert" parameterType="cn.itcast.ssm.po.Doctor">
    insert into doctor (doctorId, doctorname, doctorrankId
      )
    values (#{doctorid,jdbcType=INTEGER}, #{doctorname,jdbcType=VARCHAR}, #{doctorrankid,jdbcType=INTEGER}
      )
  </insert>
  <insert id="insertSelective" parameterType="cn.itcast.ssm.po.Doctor">
    insert into doctor
    <trim prefix="(" suffix=")" suffixOverrides=",">
      <if test="doctorid != null">
        doctorId,
      </if>
      <if test="doctorname != null">
        doctorname,
      </if>
      <if test="doctorrankid != null">
        doctorrankId,
      </if>
    </trim>
    <trim prefix="values (" suffix=")" suffixOverrides=",">
      <if test="doctorid != null">
        #{doctorid,jdbcType=INTEGER},
      </if>
      <if test="doctorname != null">
        #{doctorname,jdbcType=VARCHAR},
      </if>
      <if test="doctorrankid != null">
        #{doctorrankid,jdbcType=INTEGER},
      </if>
    </trim>
  </insert>
  <select id="countByExample" parameterType="cn.itcast.ssm.po.DoctorExample" resultType="java.lang.Long">
    select count(*) from doctor
    <if test="_parameter != null">
      <include refid="Example_Where_Clause" />
    </if>
  </select>
  <update id="updateByExampleSelective" parameterType="map">
    update doctor
    <set>
      <if test="record.doctorid != null">
        doctorId = #{record.doctorid,jdbcType=INTEGER},
      </if>
      <if test="record.doctorname != null">
        doctorname = #{record.doctorname,jdbcType=VARCHAR},
      </if>
      <if test="record.doctorrankid != null">
        doctorrankId = #{record.doctorrankid,jdbcType=INTEGER},
      </if>
    </set>
    <if test="_parameter != null">
      <include refid="Update_By_Example_Where_Clause" />
    </if>
  </update>
  <update id="updateByExample" parameterType="map">
    update doctor
    set doctorId = #{record.doctorid,jdbcType=INTEGER},
      doctorname = #{record.doctorname,jdbcType=VARCHAR},
      doctorrankId = #{record.doctorrankid,jdbcType=INTEGER}
    <if test="_parameter != null">
      <include refid="Update_By_Example_Where_Clause" />
    </if>
  </update>
  <update id="updateByPrimaryKeySelective" parameterType="cn.itcast.ssm.po.Doctor">
    update doctor
    <set>
      <if test="doctorname != null">
        doctorname = #{doctorname,jdbcType=VARCHAR},
      </if>
      <if test="doctorrankid != null">
        doctorrankId = #{doctorrankid,jdbcType=INTEGER},
      </if>
    </set>
    where doctorId = #{doctorid,jdbcType=INTEGER}
  </update>
  <update id="updateByPrimaryKey" parameterType="cn.itcast.ssm.po.Doctor">
    update doctor
    set doctorname = #{doctorname,jdbcType=VARCHAR},
      doctorrankId = #{doctorrankid,jdbcType=INTEGER}
    where doctorId = #{doctorid,jdbcType=INTEGER}
  </update>
</mapper>