<?xml version="1.0" encoding="UTF-8"?>
<!DOCTYPE mapper PUBLIC "-//mybatis.org//DTD Mapper 3.0//EN" "http://mybatis.org/dtd/mybatis-3-mapper.dtd">
<mapper namespace="cn.itcast.ssm.mapper.OfficeMapper">
  <resultMap id="BaseResultMap" type="cn.itcast.ssm.po.Office">
    <id column="officeId" jdbcType="INTEGER" property="officeid" />
    <result column="officeName" jdbcType="VARCHAR" property="officename" />
  </resultMap>
  <sql id="Example_Where_Clause">
    <where>
      <foreach collection="oredCriteria" item="criteria" separator="or">
        <if test="criteria.valid">
          <trim prefix="(" prefixOverrides="and" suffix=")">
            <foreach collection="criteria.criteria" item="criterion">
              <choose>
                <when test="criterion.noValue">
                  and ${criterion.condition}
                </when>
                <when test="criterion.singleValue">
                  and ${criterion.condition} #{criterion.value}
                </when>
                <when test="criterion.betweenValue">
                  and ${criterion.condition} #{criterion.value} and #{criterion.secondValue}
                </when>
                <when test="criterion.listValue">
                  and ${criterion.condition}
                  <foreach close=")" collection="criterion.value" item="listItem" open="(" separator=",">
                    #{listItem}
                  </foreach>
                </when>
              </choose>
            </foreach>
          </trim>
        </if>
      </foreach>
    </where>
  </sql>
  <sql id="Update_By_Example_Where_Clause">
    <where>
      <foreach collection="example.oredCriteria" item="criteria" separator="or">
        <if test="criteria.valid">
          <trim prefix="(" prefixOverrides="and" suffix=")">
            <foreach collection="criteria.criteria" item="criterion">
              <choose>
                <when test="criterion.noValue">
                  and ${criterion.condition}
                </when>
                <when test="criterion.singleValue">
                  and ${criterion.condition} #{criterion.value}
                </when>
                <when test="criterion.betweenValue">
                  and ${criterion.condition} #{criterion.value} and #{criterion.secondValue}
                </when>
                <when test="criterion.listValue">
                  and ${criterion.condition}
                  <foreach close=")" collection="criterion.value" item="listItem" open="(" separator=",">
                    #{listItem}
                  </foreach>
                </when>
              </choose>
            </foreach>
          </trim>
        </if>
      </foreach>
    </where>
  </sql>
  <sql id="Base_Column_List">
    officeId, officeName
  </sql>
  <select id="selectByExample" parameterType="cn.itcast.ssm.po.OfficeExample" resultMap="BaseResultMap">
    select
    <if test="distinct">
      distinct
    </if>
    <include refid="Base_Column_List" />
    from office
    <if test="_parameter != null">
      <include refid="Example_Where_Clause" />
    </if>
    <if test="orderByClause != null">
      order by ${orderByClause}
    </if>
  </select>
  <select id="selectByPrimaryKey" parameterType="java.lang.Integer" resultMap="BaseResultMap">
    select 
    <include refid="Base_Column_List" />
    from office
    where officeId = #{officeid,jdbcType=INTEGER}
  </select>
  <delete id="deleteByPrimaryKey" parameterType="java.lang.Integer">
    delete from office
    where officeId = #{officeid,jdbcType=INTEGER}
  </delete>
  <delete id="deleteByExample" parameterType="cn.itcast.ssm.po.OfficeExample">
    delete from office
    <if test="_parameter != null">
      <include refid="Example_Where_Clause" />
    </if>
  </delete>
  <insert id="insert" parameterType="cn.itcast.ssm.po.Office">
    insert into office (officeId, officeName)
    values (#{officeid,jdbcType=INTEGER}, #{officename,jdbcType=VARCHAR})
  </insert>
  <insert id="insertSelective" parameterType="cn.itcast.ssm.po.Office">
    insert into office
    <trim prefix="(" suffix=")" suffixOverrides=",">
      <if test="officeid != null">
        officeId,
      </if>
      <if test="officename != null">
        officeName,
      </if>
    </trim>
    <trim prefix="values (" suffix=")" suffixOverrides=",">
      <if test="officeid != null">
        #{officeid,jdbcType=INTEGER},
      </if>
      <if test="officename != null">
        #{officename,jdbcType=VARCHAR},
      </if>
    </trim>
  </insert>
  <select id="countByExample" parameterType="cn.itcast.ssm.po.OfficeExample" resultType="java.lang.Long">
    select count(*) from office
    <if test="_parameter != null">
      <include refid="Example_Where_Clause" />
    </if>
  </select>
  <update id="updateByExampleSelective" parameterType="map">
    update office
    <set>
      <if test="record.officeid != null">
        officeId = #{record.officeid,jdbcType=INTEGER},
      </if>
      <if test="record.officename != null">
        officeName = #{record.officename,jdbcType=VARCHAR},
      </if>
    </set>
    <if test="_parameter != null">
      <include refid="Update_By_Example_Where_Clause" />
    </if>
  </update>
  <update id="updateByExample" parameterType="map">
    update office
    set officeId = #{record.officeid,jdbcType=INTEGER},
      officeName = #{record.officename,jdbcType=VARCHAR}
    <if test="_parameter != null">
      <include refid="Update_By_Example_Where_Clause" />
    </if>
  </update>
  <update id="updateByPrimaryKeySelective" parameterType="cn.itcast.ssm.po.Office">
    update office
    <set>
      <if test="officename != null">
        officeName = #{officename,jdbcType=VARCHAR},
      </if>
    </set>
    where officeId = #{officeid,jdbcType=INTEGER}
  </update>
  <update id="updateByPrimaryKey" parameterType="cn.itcast.ssm.po.Office">
    update office
    set officeName = #{officename,jdbcType=VARCHAR}
    where officeId = #{officeid,jdbcType=INTEGER}
  </update>
</mapper>