<?xml version="1.0" encoding="UTF-8"?>
<!DOCTYPE mapper PUBLIC "-//mybatis.org//DTD Mapper 3.0//EN" "http://mybatis.org/dtd/mybatis-3-mapper.dtd">
<mapper namespace="cn.itcast.ssm.mapper.OutpatientserviceMapper">
  <resultMap id="BaseResultMap" type="cn.itcast.ssm.po.Outpatientservice">
    <id column="outpatientserviceId" jdbcType="INTEGER" property="outpatientserviceid" />
    <result column="officeId" jdbcType="INTEGER" property="officeid" />
    <result column="outpatientservicename" jdbcType="VARCHAR" property="outpatientservicename" />
  </resultMap>
  <sql id="Example_Where_Clause">
    <where>
      <foreach collection="oredCriteria" item="criteria" separator="or">
        <if test="criteria.valid">
          <trim prefix="(" prefixOverrides="and" suffix=")">
            <foreach collection="criteria.criteria" item="criterion">
              <choose>
                <when test="criterion.noValue">
                  and ${criterion.condition}
                </when>
                <when test="criterion.singleValue">
                  and ${criterion.condition} #{criterion.value}
                </when>
                <when test="criterion.betweenValue">
                  and ${criterion.condition} #{criterion.value} and #{criterion.secondValue}
                </when>
                <when test="criterion.listValue">
                  and ${criterion.condition}
                  <foreach close=")" collection="criterion.value" item="listItem" open="(" separator=",">
                    #{listItem}
                  </foreach>
                </when>
              </choose>
            </foreach>
          </trim>
        </if>
      </foreach>
    </where>
  </sql>
  <sql id="Update_By_Example_Where_Clause">
    <where>
      <foreach collection="example.oredCriteria" item="criteria" separator="or">
        <if test="criteria.valid">
          <trim prefix="(" prefixOverrides="and" suffix=")">
            <foreach collection="criteria.criteria" item="criterion">
              <choose>
                <when test="criterion.noValue">
                  and ${criterion.condition}
                </when>
                <when test="criterion.singleValue">
                  and ${criterion.condition} #{criterion.value}
                </when>
                <when test="criterion.betweenValue">
                  and ${criterion.condition} #{criterion.value} and #{criterion.secondValue}
                </when>
                <when test="criterion.listValue">
                  and ${criterion.condition}
                  <foreach close=")" collection="criterion.value" item="listItem" open="(" separator=",">
                    #{listItem}
                  </foreach>
                </when>
              </choose>
            </foreach>
          </trim>
        </if>
      </foreach>
    </where>
  </sql>
  <sql id="Base_Column_List">
    outpatientserviceId, officeId, outpatientservicename
  </sql>
  <select id="selectByExample" parameterType="cn.itcast.ssm.po.OutpatientserviceExample" resultMap="BaseResultMap">
    select
    <if test="distinct">
      distinct
    </if>
    <include refid="Base_Column_List" />
    from outpatientservice
    <if test="_parameter != null">
      <include refid="Example_Where_Clause" />
    </if>
    <if test="orderByClause != null">
      order by ${orderByClause}
    </if>
  </select>
  <select id="selectByPrimaryKey" parameterType="java.lang.Integer" resultMap="BaseResultMap">
    select 
    <include refid="Base_Column_List" />
    from outpatientservice
    where outpatientserviceId = #{outpatientserviceid,jdbcType=INTEGER}
  </select>
  <delete id="deleteByPrimaryKey" parameterType="java.lang.Integer">
    delete from outpatientservice
    where outpatientserviceId = #{outpatientserviceid,jdbcType=INTEGER}
  </delete>
  <delete id="deleteByExample" parameterType="cn.itcast.ssm.po.OutpatientserviceExample">
    delete from outpatientservice
    <if test="_parameter != null">
      <include refid="Example_Where_Clause" />
    </if>
  </delete>
  <insert id="insert" parameterType="cn.itcast.ssm.po.Outpatientservice">
    insert into outpatientservice (outpatientserviceId, officeId, outpatientservicename
      )
    values (#{outpatientserviceid,jdbcType=INTEGER}, #{officeid,jdbcType=INTEGER}, #{outpatientservicename,jdbcType=VARCHAR}
      )
  </insert>
  <insert id="insertSelective" parameterType="cn.itcast.ssm.po.Outpatientservice">
    insert into outpatientservice
    <trim prefix="(" suffix=")" suffixOverrides=",">
      <if test="outpatientserviceid != null">
        outpatientserviceId,
      </if>
      <if test="officeid != null">
        officeId,
      </if>
      <if test="outpatientservicename != null">
        outpatientservicename,
      </if>
    </trim>
    <trim prefix="values (" suffix=")" suffixOverrides=",">
      <if test="outpatientserviceid != null">
        #{outpatientserviceid,jdbcType=INTEGER},
      </if>
      <if test="officeid != null">
        #{officeid,jdbcType=INTEGER},
      </if>
      <if test="outpatientservicename != null">
        #{outpatientservicename,jdbcType=VARCHAR},
      </if>
    </trim>
  </insert>
  <select id="countByExample" parameterType="cn.itcast.ssm.po.OutpatientserviceExample" resultType="java.lang.Long">
    select count(*) from outpatientservice
    <if test="_parameter != null">
      <include refid="Example_Where_Clause" />
    </if>
  </select>
  <update id="updateByExampleSelective" parameterType="map">
    update outpatientservice
    <set>
      <if test="record.outpatientserviceid != null">
        outpatientserviceId = #{record.outpatientserviceid,jdbcType=INTEGER},
      </if>
      <if test="record.officeid != null">
        officeId = #{record.officeid,jdbcType=INTEGER},
      </if>
      <if test="record.outpatientservicename != null">
        outpatientservicename = #{record.outpatientservicename,jdbcType=VARCHAR},
      </if>
    </set>
    <if test="_parameter != null">
      <include refid="Update_By_Example_Where_Clause" />
    </if>
  </update>
  <update id="updateByExample" parameterType="map">
    update outpatientservice
    set outpatientserviceId = #{record.outpatientserviceid,jdbcType=INTEGER},
      officeId = #{record.officeid,jdbcType=INTEGER},
      outpatientservicename = #{record.outpatientservicename,jdbcType=VARCHAR}
    <if test="_parameter != null">
      <include refid="Update_By_Example_Where_Clause" />
    </if>
  </update>
  <update id="updateByPrimaryKeySelective" parameterType="cn.itcast.ssm.po.Outpatientservice">
    update outpatientservice
    <set>
      <if test="officeid != null">
        officeId = #{officeid,jdbcType=INTEGER},
      </if>
      <if test="outpatientservicename != null">
        outpatientservicename = #{outpatientservicename,jdbcType=VARCHAR},
      </if>
    </set>
    where outpatientserviceId = #{outpatientserviceid,jdbcType=INTEGER}
  </update>
  <update id="updateByPrimaryKey" parameterType="cn.itcast.ssm.po.Outpatientservice">
    update outpatientservice
    set officeId = #{officeid,jdbcType=INTEGER},
      outpatientservicename = #{outpatientservicename,jdbcType=VARCHAR}
    where outpatientserviceId = #{outpatientserviceid,jdbcType=INTEGER}
  </update>
</mapper>