<?xml version="1.0" encoding="UTF-8"?>
<!DOCTYPE mapper PUBLIC "-//mybatis.org//DTD Mapper 3.0//EN" "http://mybatis.org/dtd/mybatis-3-mapper.dtd">
<mapper namespace="cn.itcast.ssm.mapper.UsersMapper">
  <resultMap id="BaseResultMap" type="cn.itcast.ssm.po.Users">
    <id column="userid" jdbcType="INTEGER" property="userid" />
    <result column="username" jdbcType="VARCHAR" property="username" />
    <result column="userpassword" jdbcType="VARCHAR" property="userpassword" />
    <result column="iphone" jdbcType="INTEGER" property="iphone" />
    <result column="identitycard" jdbcType="VARCHAR" property="identitycard" />
    <result column="sex" jdbcType="BIT" property="sex" />
  </resultMap>
  <sql id="Example_Where_Clause">
    <where>
      <foreach collection="oredCriteria" item="criteria" separator="or">
        <if test="criteria.valid">
          <trim prefix="(" prefixOverrides="and" suffix=")">
            <foreach collection="criteria.criteria" item="criterion">
              <choose>
                <when test="criterion.noValue">
                  and ${criterion.condition}
                </when>
                <when test="criterion.singleValue">
                  and ${criterion.condition} #{criterion.value}
                </when>
                <when test="criterion.betweenValue">
                  and ${criterion.condition} #{criterion.value} and #{criterion.secondValue}
                </when>
                <when test="criterion.listValue">
                  and ${criterion.condition}
                  <foreach close=")" collection="criterion.value" item="listItem" open="(" separator=",">
                    #{listItem}
                  </foreach>
                </when>
              </choose>
            </foreach>
          </trim>
        </if>
      </foreach>
    </where>
  </sql>
  <sql id="Update_By_Example_Where_Clause">
    <where>
      <foreach collection="example.oredCriteria" item="criteria" separator="or">
        <if test="criteria.valid">
          <trim prefix="(" prefixOverrides="and" suffix=")">
            <foreach collection="criteria.criteria" item="criterion">
              <choose>
                <when test="criterion.noValue">
                  and ${criterion.condition}
                </when>
                <when test="criterion.singleValue">
                  and ${criterion.condition} #{criterion.value}
                </when>
                <when test="criterion.betweenValue">
                  and ${criterion.condition} #{criterion.value} and #{criterion.secondValue}
                </when>
                <when test="criterion.listValue">
                  and ${criterion.condition}
                  <foreach close=")" collection="criterion.value" item="listItem" open="(" separator=",">
                    #{listItem}
                  </foreach>
                </when>
              </choose>
            </foreach>
          </trim>
        </if>
      </foreach>
    </where>
  </sql>
  <sql id="Base_Column_List">
    userid, username, userpassword, iphone, identitycard, sex
  </sql>
  <select id="selectByExample" parameterType="cn.itcast.ssm.po.UsersExample" resultMap="BaseResultMap">
    select
    <if test="distinct">
      distinct
    </if>
    <include refid="Base_Column_List" />
    from users
    <if test="_parameter != null">
      <include refid="Example_Where_Clause" />
    </if>
    <if test="orderByClause != null">
      order by ${orderByClause}
    </if>
  </select>
  <select id="selectByPrimaryKey" parameterType="java.lang.Integer" resultMap="BaseResultMap">
    select 
    <include refid="Base_Column_List" />
    from users
    where userid = #{userid,jdbcType=INTEGER}
  </select>
  <delete id="deleteByPrimaryKey" parameterType="java.lang.Integer">
    delete from users
    where userid = #{userid,jdbcType=INTEGER}
  </delete>
  <delete id="deleteByExample" parameterType="cn.itcast.ssm.po.UsersExample">
    delete from users
    <if test="_parameter != null">
      <include refid="Example_Where_Clause" />
    </if>
  </delete>
  <insert id="insert" parameterType="cn.itcast.ssm.po.Users">
    insert into users (userid, username, userpassword, 
      iphone, identitycard, sex
      )
    values (#{userid,jdbcType=INTEGER}, #{username,jdbcType=VARCHAR}, #{userpassword,jdbcType=VARCHAR}, 
      #{iphone,jdbcType=INTEGER}, #{identitycard,jdbcType=VARCHAR}, #{sex,jdbcType=BIT}
      )
  </insert>
  <insert id="insertSelective" parameterType="cn.itcast.ssm.po.Users">
    insert into users
    <trim prefix="(" suffix=")" suffixOverrides=",">
      <if test="userid != null">
        userid,
      </if>
      <if test="username != null">
        username,
      </if>
      <if test="userpassword != null">
        userpassword,
      </if>
      <if test="iphone != null">
        iphone,
      </if>
      <if test="identitycard != null">
        identitycard,
      </if>
      <if test="sex != null">
        sex,
      </if>
    </trim>
    <trim prefix="values (" suffix=")" suffixOverrides=",">
      <if test="userid != null">
        #{userid,jdbcType=INTEGER},
      </if>
      <if test="username != null">
        #{username,jdbcType=VARCHAR},
      </if>
      <if test="userpassword != null">
        #{userpassword,jdbcType=VARCHAR},
      </if>
      <if test="iphone != null">
        #{iphone,jdbcType=INTEGER},
      </if>
      <if test="identitycard != null">
        #{identitycard,jdbcType=VARCHAR},
      </if>
      <if test="sex != null">
        #{sex,jdbcType=BIT},
      </if>
    </trim>
  </insert>
  <select id="countByExample" parameterType="cn.itcast.ssm.po.UsersExample" resultType="java.lang.Long">
    select count(*) from users
    <if test="_parameter != null">
      <include refid="Example_Where_Clause" />
    </if>
  </select>
  <update id="updateByExampleSelective" parameterType="map">
    update users
    <set>
      <if test="record.userid != null">
        userid = #{record.userid,jdbcType=INTEGER},
      </if>
      <if test="record.username != null">
        username = #{record.username,jdbcType=VARCHAR},
      </if>
      <if test="record.userpassword != null">
        userpassword = #{record.userpassword,jdbcType=VARCHAR},
      </if>
      <if test="record.iphone != null">
        iphone = #{record.iphone,jdbcType=INTEGER},
      </if>
      <if test="record.identitycard != null">
        identitycard = #{record.identitycard,jdbcType=VARCHAR},
      </if>
      <if test="record.sex != null">
        sex = #{record.sex,jdbcType=BIT},
      </if>
    </set>
    <if test="_parameter != null">
      <include refid="Update_By_Example_Where_Clause" />
    </if>
  </update>
  <update id="updateByExample" parameterType="map">
    update users
    set userid = #{record.userid,jdbcType=INTEGER},
      username = #{record.username,jdbcType=VARCHAR},
      userpassword = #{record.userpassword,jdbcType=VARCHAR},
      iphone = #{record.iphone,jdbcType=INTEGER},
      identitycard = #{record.identitycard,jdbcType=VARCHAR},
      sex = #{record.sex,jdbcType=BIT}
    <if test="_parameter != null">
      <include refid="Update_By_Example_Where_Clause" />
    </if>
  </update>
  <update id="updateByPrimaryKeySelective" parameterType="cn.itcast.ssm.po.Users">
    update users
    <set>
      <if test="username != null">
        username = #{username,jdbcType=VARCHAR},
      </if>
      <if test="userpassword != null">
        userpassword = #{userpassword,jdbcType=VARCHAR},
      </if>
      <if test="iphone != null">
        iphone = #{iphone,jdbcType=INTEGER},
      </if>
      <if test="identitycard != null">
        identitycard = #{identitycard,jdbcType=VARCHAR},
      </if>
      <if test="sex != null">
        sex = #{sex,jdbcType=BIT},
      </if>
    </set>
    where userid = #{userid,jdbcType=INTEGER}
  </update>
  <update id="updateByPrimaryKey" parameterType="cn.itcast.ssm.po.Users">
    update users
    set username = #{username,jdbcType=VARCHAR},
      userpassword = #{userpassword,jdbcType=VARCHAR},
      iphone = #{iphone,jdbcType=INTEGER},
      identitycard = #{identitycard,jdbcType=VARCHAR},
      sex = #{sex,jdbcType=BIT}
    where userid = #{userid,jdbcType=INTEGER}
  </update>
</mapper>