<?xml version="1.0" encoding="UTF-8"?>
<!DOCTYPE mapper PUBLIC "-//mybatis.org//DTD Mapper 3.0//EN" "http://mybatis.org/dtd/mybatis-3-mapper.dtd">
<mapper namespace="cn.itcast.ssm.mapper.WorkforcemanagementMapper">
  <resultMap id="BaseResultMap" type="cn.itcast.ssm.po.Workforcemanagement">
    <id column="workforcemanagetId" jdbcType="INTEGER" property="workforcemanagetid" />
    <result column="outpatientserviceId" jdbcType="INTEGER" property="outpatientserviceid" />
    <result column="doctorId" jdbcType="INTEGER" property="doctorid" />
  </resultMap>
  <sql id="Example_Where_Clause">
    <where>
      <foreach collection="oredCriteria" item="criteria" separator="or">
        <if test="criteria.valid">
          <trim prefix="(" prefixOverrides="and" suffix=")">
            <foreach collection="criteria.criteria" item="criterion">
              <choose>
                <when test="criterion.noValue">
                  and ${criterion.condition}
                </when>
                <when test="criterion.singleValue">
                  and ${criterion.condition} #{criterion.value}
                </when>
                <when test="criterion.betweenValue">
                  and ${criterion.condition} #{criterion.value} and #{criterion.secondValue}
                </when>
                <when test="criterion.listValue">
                  and ${criterion.condition}
                  <foreach close=")" collection="criterion.value" item="listItem" open="(" separator=",">
                    #{listItem}
                  </foreach>
                </when>
              </choose>
            </foreach>
          </trim>
        </if>
      </foreach>
    </where>
  </sql>
  <sql id="Update_By_Example_Where_Clause">
    <where>
      <foreach collection="example.oredCriteria" item="criteria" separator="or">
        <if test="criteria.valid">
          <trim prefix="(" prefixOverrides="and" suffix=")">
            <foreach collection="criteria.criteria" item="criterion">
              <choose>
                <when test="criterion.noValue">
                  and ${criterion.condition}
                </when>
                <when test="criterion.singleValue">
                  and ${criterion.condition} #{criterion.value}
                </when>
                <when test="criterion.betweenValue">
                  and ${criterion.condition} #{criterion.value} and #{criterion.secondValue}
                </when>
                <when test="criterion.listValue">
                  and ${criterion.condition}
                  <foreach close=")" collection="criterion.value" item="listItem" open="(" separator=",">
                    #{listItem}
                  </foreach>
                </when>
              </choose>
            </foreach>
          </trim>
        </if>
      </foreach>
    </where>
  </sql>
  <sql id="Base_Column_List">
    workforcemanagetId, outpatientserviceId, doctorId
  </sql>
  <select id="selectByExample" parameterType="cn.itcast.ssm.po.WorkforcemanagementExample" resultMap="BaseResultMap">
    select
    <if test="distinct">
      distinct
    </if>
    <include refid="Base_Column_List" />
    from workforcemanagement
    <if test="_parameter != null">
      <include refid="Example_Where_Clause" />
    </if>
    <if test="orderByClause != null">
      order by ${orderByClause}
    </if>
  </select>
  <select id="selectByPrimaryKey" parameterType="java.lang.Integer" resultMap="BaseResultMap">
    select 
    <include refid="Base_Column_List" />
    from workforcemanagement
    where workforcemanagetId = #{workforcemanagetid,jdbcType=INTEGER}
  </select>
  <delete id="deleteByPrimaryKey" parameterType="java.lang.Integer">
    delete from workforcemanagement
    where workforcemanagetId = #{workforcemanagetid,jdbcType=INTEGER}
  </delete>
  <delete id="deleteByExample" parameterType="cn.itcast.ssm.po.WorkforcemanagementExample">
    delete from workforcemanagement
    <if test="_parameter != null">
      <include refid="Example_Where_Clause" />
    </if>
  </delete>
  <insert id="insert" parameterType="cn.itcast.ssm.po.Workforcemanagement">
    insert into workforcemanagement (workforcemanagetId, outpatientserviceId, 
      doctorId)
    values (#{workforcemanagetid,jdbcType=INTEGER}, #{outpatientserviceid,jdbcType=INTEGER}, 
      #{doctorid,jdbcType=INTEGER})
  </insert>
  <insert id="insertSelective" parameterType="cn.itcast.ssm.po.Workforcemanagement">
    insert into workforcemanagement
    <trim prefix="(" suffix=")" suffixOverrides=",">
      <if test="workforcemanagetid != null">
        workforcemanagetId,
      </if>
      <if test="outpatientserviceid != null">
        outpatientserviceId,
      </if>
      <if test="doctorid != null">
        doctorId,
      </if>
    </trim>
    <trim prefix="values (" suffix=")" suffixOverrides=",">
      <if test="workforcemanagetid != null">
        #{workforcemanagetid,jdbcType=INTEGER},
      </if>
      <if test="outpatientserviceid != null">
        #{outpatientserviceid,jdbcType=INTEGER},
      </if>
      <if test="doctorid != null">
        #{doctorid,jdbcType=INTEGER},
      </if>
    </trim>
  </insert>
  <select id="countByExample" parameterType="cn.itcast.ssm.po.WorkforcemanagementExample" resultType="java.lang.Long">
    select count(*) from workforcemanagement
    <if test="_parameter != null">
      <include refid="Example_Where_Clause" />
    </if>
  </select>
  <update id="updateByExampleSelective" parameterType="map">
    update workforcemanagement
    <set>
      <if test="record.workforcemanagetid != null">
        workforcemanagetId = #{record.workforcemanagetid,jdbcType=INTEGER},
      </if>
      <if test="record.outpatientserviceid != null">
        outpatientserviceId = #{record.outpatientserviceid,jdbcType=INTEGER},
      </if>
      <if test="record.doctorid != null">
        doctorId = #{record.doctorid,jdbcType=INTEGER},
      </if>
    </set>
    <if test="_parameter != null">
      <include refid="Update_By_Example_Where_Clause" />
    </if>
  </update>
  <update id="updateByExample" parameterType="map">
    update workforcemanagement
    set workforcemanagetId = #{record.workforcemanagetid,jdbcType=INTEGER},
      outpatientserviceId = #{record.outpatientserviceid,jdbcType=INTEGER},
      doctorId = #{record.doctorid,jdbcType=INTEGER}
    <if test="_parameter != null">
      <include refid="Update_By_Example_Where_Clause" />
    </if>
  </update>
  <update id="updateByPrimaryKeySelective" parameterType="cn.itcast.ssm.po.Workforcemanagement">
    update workforcemanagement
    <set>
      <if test="outpatientserviceid != null">
        outpatientserviceId = #{outpatientserviceid,jdbcType=INTEGER},
      </if>
      <if test="doctorid != null">
        doctorId = #{doctorid,jdbcType=INTEGER},
      </if>
    </set>
    where workforcemanagetId = #{workforcemanagetid,jdbcType=INTEGER}
  </update>
  <update id="updateByPrimaryKey" parameterType="cn.itcast.ssm.po.Workforcemanagement">
    update workforcemanagement
    set outpatientserviceId = #{outpatientserviceid,jdbcType=INTEGER},
      doctorId = #{doctorid,jdbcType=INTEGER}
    where workforcemanagetId = #{workforcemanagetid,jdbcType=INTEGER}
  </update>
</mapper>