<beans xmlns="http://www.springframework.org/schema/beans"
	xmlns:xsi="http://www.w3.org/2001/XMLSchema-instance"
	xmlns:mvc="http://www.springframework.org/schema/mvc"
	xmlns:context="http://www.springframework.org/schema/context"
	xmlns:aop="http://www.springframework.org/schema/aop"
	xmlns:tx="http://www.springframework.org/schema/tx"
	xsi:schemaLocation="http://www.springframework.org/schema/beans 
	http://www.springframework.org/schema/beans/spring-beans.xsd
	http://www.springframework.org/schema/mvc
    http://www.springframework.org/schema/mvc/spring-mvc.xsd
	http://www.springframework.org/schema/context
	http://www.springframework.org/schema/context/spring-context.xsd
	http://www.springframework.org/schema/aop
	http://www.springframework.org/schema/aop/spring-aop.xsd
	http://www.springframework.org/schema/tx
	http://www.springframework.org/schema/tx/spring-tx.xsd" >

   <context:property-placeholder location="classpath:db.properties" />
   
   <bean id="dataSource" class="org.apache.commons.dbcp.BasicDataSource"
        destroy-method="close" >
         <property name="driverClassName" value="${jdbc.driver}"/>
	  <property name="url" value="${jdbc.url}"/>
	  <property name="username" value="${jdbc.username}"/>
	  <property name="password" value="${jdbc.password}"/>
	  <property name="maxActive" value="30"/>
	  <property name="maxIdle" value="5"/>	
   
   </bean>
   
   <bean id="sqlSessionFactory" class="org.mybatis.spring.SqlSessionFactoryBean">
      
       <property name="dataSource" ref="dataSource"></property>
       
       <property  name="configLocation" value="classpath:mybatis/SqlMapConfig.xml" />
   
   </bean>
   
   <bean class="org.mybatis.spring.mapper.MapperScannerConfigurer">
   
     <!-- 指定扫描包路径   如果扫描多个包，每个包中间使用半角逗号分隔-->        
         <property name="basePackage" value="cn.itcast.ssm.mapper"> </property>
         <property name="sqlSessionFactoryBeanName" value="sqlSessionFactory" > </property>
         <!-- 如果这里用 name用sqlSessionFactory，前面加载配置文件会失效的 -->   
   </bean>
	
</beans>