<beans xmlns="http://www.springframework.org/schema/beans"
	xmlns:xsi="http://www.w3.org/2001/XMLSchema-instance"
	xmlns:mvc="http://www.springframework.org/schema/mvc"
	xmlns:context="http://www.springframework.org/schema/context"
	xmlns:aop="http://www.springframework.org/schema/aop"
	xmlns:tx="http://www.springframework.org/schema/tx"
	xsi:schemaLocation="http://www.springframework.org/schema/beans 
	http://www.springframework.org/schema/beans/spring-beans.xsd
	http://www.springframework.org/schema/mvc
    http://www.springframework.org/schema/mvc/spring-mvc.xsd
	http://www.springframework.org/schema/context
	http://www.springframework.org/schema/context/spring-context.xsd
	http://www.springframework.org/schema/aop
	http://www.springframework.org/schema/aop/spring-aop.xsd
	http://www.springframework.org/schema/tx
	http://www.springframework.org/schema/tx/spring-tx.xsd">

	<!-- 可以扫描controller、service、··· 这里让扫描controller、指定controller的包 -->
	<context:component-scan base-package="cn.itcast.ssm.controller"> </context:component-scan>
				
	<!-- mvc注解驱动   使用mvc:annotation-driven代替上边注解映射器和适配器配置
	mvc:annotation-driven 默认加载很多的参数绑定方法，比如json转换解析器就默认加载了，
	如果使用mvc:annotation-driven不用配置上边的RequestMappingHandlerMapping、RequestMappingHandlerAdapter
	实际开发时 使用mvc:annotation-driven 
	conversion-service="conversionService"
	  --> 
 	<mvc:annotation-driven > </mvc:annotation-driven> 
 	
 
	
	<!--视图解析器  解析jsp解析，默认使用jstl标签，classpath下的得有jstl的包-->
	<bean class="org.springframework.web.servlet.view.InternalResourceViewResolver">
			<!-- 配置jsp路径的前缀 -->
	     <property name="prefix" value="/WEB-INF/jsp"></property>
	    	 <!-- 配置jsp路径的后缀 -->
	     <property name="suffix" value=".jsp"></property>
	    
	</bean>
	
	

<!-- 	<bean id="conversionService" 
	class="org.springframework.format.support.FormattingConversionServiceFactoryBean">
	     转换器
	     <property name="converters">
	             <list>
	                 日期类型转换
	                 <bean class="cn.itcast.ssm.controller.converter.CustomDateConverter"></bean>
	             </list>
	     </property>
	</bean>
	 -->
	
	
</beans>